name,expression
E164G,0
E222R,0
E222Y,0
F72H,0
G355A,0
H315N,0
I244N,0
M221A,0
M261D,0
R240E,0
W325G,0
W407Q,0
W407R,0
Y166P,0
D403A,0.5
E222H,0.5
H119E,0.5
H178R,0.5
H379T,0.5
I244E,0.5
N163A,0.5
N163C,0.5
N354A,0.5
P329N,0.5
R240D,0.5
R76A,0.5
S16N,0.5
S17E,0.5
W120A,0.5
W120F,0.5
W34A,0.5
W399A,0.5
W407A,0.5
W407G,0.5
Y18A,0.5
Y295A,0.5
A195S,1
A356A,1
A357A,1
A408A,1
C167A,1
C167Q,1
E154D,1
E164A,1
E164R,1
E177A,1
E177K,1
E177L,1
E222A,1
E222K,1
E222Q,1
E353A,1
E406A,1
E406D,1
E423S,1
F415A,1
H101R,1
H119A,1
H119N,1
H373R,1
H379R,1
I300N,1
I91E,1
K341A,1
L171A,1
L171R,1
L362M,1
M323A,1
M358T,1
N163D,1
N166D,1
N220A,1
N220H,1
N220R,1
N220Y,1
N293A,1
N293C,1
N293D,1
N293Q,1
N404A,1
N404C,1
Q19C,1
Q19S,1
Q313R,1
R240K,1
S14A,1
S16A,1
S17A,1
S298E,1
S331A,1
T15A,1
T175R,1
T218A,1
T352A,1
V52G,1
W120H,1
W325A,1
W325C,1
W325H,1
W325L,1
W325R,1
W399C,1
W399G,1
W399R,1
W399S,1
W409Y,1
WT,1
Y294A,1
Y294F,1
Y295G,1
F415N,NaN
H178A,NaN
H315E,NaN
M323K,NaN
N220G,NaN
Q19A,NaN
R240A,NaN
S400A,NaN
T296A,NaN
C167A,NaN
F405A,NaN
K413A,NaN
L219A,NaN
Q313R,NaN
Q384R,NaN
S16A,NaN
V147S,NaN
W325L,NaN
W399C,NaN
W399S,NaN
W407Q,NaN
W409A,NaN
Y294F,NaN